max_inflow_list,NPV_list_herbaceous,pathway_list_herbaceous,NPV_list_hardwood,pathway_list_hardwood,NPV_list_softwood,pathway_list_softwood,scaling_number_list,scaling_list_herbaceous,scaling_pathway_herbaceous,scaling_list_hardwood,scaling_pathway_hardwood,scaling_list_softwood,scaling_pathway_softwood,scaling_number_list_f,scaling_list_herbaceous_f,scaling_pathway_herbaceous_f,scaling_list_hardwood_f,scaling_pathway_hardwood_f,scaling_list_softwood_f,scaling_pathway_softwood_f,softwood_price_list,feedstock_price_list_softwood_true,feedstock_price_pathway_softwood_true,hardwood_price_list,feedstock_price_list_hardwood_true,feedstock_price_pathway_hardwood_true,herbaceous_price_list,feedstock_price_list_herbaceous_true,feedstock_price_pathway_herbaceous_true,sugar_price_list,sugar_price_list_herbaceous_true,sugar_price_pathway_herbaceous_true,sugar_price_list_hardwood_true,sugar_price_pathway_hardwood_true,sugar_price_list_softwood_true,sugar_price_pathway_softwood_true,PDC_price_list,PDC_price_list_herbaceous_true,PDC_price_pathway_herbaceous_true,PDC_price_list_hardwood_true,PDC_price_pathway_hardwood_true,PDC_price_list_softwood_true,PDC_price_pathway_softwood_true,PHA_price_list,PHA_price_list_herbaceous_true,PHA_price_pathway_herbaceous_true,PHA_price_list_hardwood_true,PHA_price_pathway_hardwood_true,PHA_price_list_softwood_true,PHA_price_pathway_softwood_true,biodiesel_price_list,biodiesel_price_list_herbaceous_true,biodiesel_price_pathway_herbaceous_true,biodiesel_price_list_hardwood_true,biodiesel_price_pathway_hardwood_true,biodiesel_price_list_softwood_true,biodiesel_price_pathway_softwood_true,aa_price_list,aa_price_list_herbaceous_true,aa_price_pathway_herbaceous_true,aa_price_list_hardwood_true,aa_price_pathway_hardwood_true,aa_price_list_softwood_true,aa_price_pathway_softwood_true,PDC_yield_list,PDC_yield_list_herbaceous_true,PDC_yield_pathway_herbaceous_true,PDC_yield_list_hardwood_true,PDC_yield_pathway_hardwood_true,PDC_yield_list_softwood_true,PDC_yield_pathway_softwood_true,PHA_yield_list,PHA_yield_list_herbaceous_true,PHA_yield_pathway_herbaceous_true,PHA_yield_list_hardwood_true,PHA_yield_pathway_hardwood_true,PHA_yield_list_softwood_true,PHA_yield_pathway_softwood_true,lipids_yield_list,lipids_yield_list_herbaceous_true,lipids_yield_pathway_herbaceous_true,lipids_yield_list_hardwood_true,lipids_yield_pathway_hardwood_true,lipids_yield_list_softwood_true,lipids_yield_pathway_softwood_true,MA_yield_list,MA_yield_list_herbaceous_true,MA_yield_pathway_herbaceous_true,MA_yield_list_hardwood_true,MA_yield_pathway_hardwood_true,MA_yield_list_softwood_true,MA_yield_pathway_softwood_true,EC_list,EC_list_herbaceous_true,EC_pathway_herbaceous_true,EC_list_hardwood_true,EC_pathway_hardwood_true,EC_list_softwood_true,EC_pathway_softwood_true,UC_list,UC_list_herbaceous_true,UC_pathway_herbaceous_true,UC_list_hardwood_true,UC_pathway_hardwood_true,UC_list_softwood_true,UC_pathway_softwood_true,CC_list,CC_list_herbaceous_true,CC_pathway_herbaceous_true,CC_list_hardwood_true,CC_pathway_hardwood_true,CC_list_softwood_true,CC_pathway_softwood_true
0,0.0,"['Ip[milling]', 'Ip[GVL]', 'Ip[BCD]']",0.0,"['Ip[milling]', 'Ip[GVL]', 'Ip[BCD]']",0.0,"['Ip[milling]', 'Ip[GVL]', 'Ip[BCD]']",0.4,555847100.9578894,"['Ip[milling]', 'Ip[DSA]', 'Ip[BCD]', 'Ip[PDC-ferm]']",770011095.8122975,"['Ip[milling]', 'Ip[DSA]', 'Ip[BCD]', 'Ip[PDC-ferm]']",780285984.5833349,"['Ip[milling]', 'Ip[DSA]', 'Ip[BCD]', 'Ip[PDC-ferm]']",0.6,595412475.4618615,"['Ip[milling]', 'Ip[DSA]', 'Ip[BCD]', 'Ip[PDC-ferm]']",771411392.0980012,"['Ip[milling]', 'Ip[DSA]', 'Ip[BCD]', 'Ip[PDC-ferm]']",756956418.3770012,"['Ip[milling]', 'Ip[DSA]', 'Ip[BCD]', 'Ip[PDC-ferm]']",60.029999999999994,874585246.364346,"['Ip[milling]', 'Ip[DSA]', 'Ip[BCD]', 'Ip[PDC-ferm]']",53.81999999999999,876871720.6383787,"['Ip[milling]', 'Ip[DSA]', 'Ip[BCD]', 'Ip[PDC-ferm]']",48.3,690056360.0493792,"['Ip[milling]', 'Ip[DSA]', 'Ip[BCD]', 'Ip[PDC-ferm]']",232.41,-184995957.65135506,"['Ip[milling]', 'Ip[DSA]', 'Ip[BCD]', 'Ip[PDC-ferm]']",157545504.19910026,"['Ip[milling]', 'Ip[DSA]', 'Ip[BCD]', 'Ip[PDC-ferm]']",243239060.406125,"['Ip[milling]', 'Ip[DSA]', 'Ip[BCD]', 'Ip[PDC-ferm]']",2750.0,47800560.4303478,"['Ip[milling]', 'Ip[DSA]', 'Ip[BCD]', 'Ip[PDC-ferm]']",-177782593.9566239,"['Ip[milling]', 'Ip[DSA]', 'Ip[BCD]', 'Ip[PDC-ferm]']",-320734976.9020488,"['Ip[milling]', 'Ip[SEP]', 'Ip[BCD]', 'Ip[PDC-ferm]']",3150.0,595412475.4618615,"['Ip[milling]', 'Ip[DSA]', 'Ip[BCD]', 'Ip[PDC-ferm]']",771411392.0980012,"['Ip[milling]', 'Ip[DSA]', 'Ip[BCD]', 'Ip[PDC-ferm]']",756956418.3770021,"['Ip[milling]', 'Ip[DSA]', 'Ip[BCD]', 'Ip[PDC-ferm]']",625.0,595412475.4618615,"['Ip[milling]', 'Ip[DSA]', 'Ip[BCD]', 'Ip[PDC-ferm]']",771411392.0980012,"['Ip[milling]', 'Ip[DSA]', 'Ip[BCD]', 'Ip[PDC-ferm]']",756956418.3770012,"['Ip[milling]', 'Ip[DSA]', 'Ip[BCD]', 'Ip[PDC-ferm]']",1095.0,595412475.4618615,"['Ip[milling]', 'Ip[DSA]', 'Ip[BCD]', 'Ip[PDC-ferm]']",771411392.0980012,"['Ip[milling]', 'Ip[DSA]', 'Ip[BCD]', 'Ip[PDC-ferm]']",756956418.3770021,"['Ip[milling]', 'Ip[DSA]', 'Ip[BCD]', 'Ip[PDC-ferm]']",0.38,-32187696.821447186,"['Ip[milling]', 'Ip[DSA]', 'Ip[BCD]', 'Ip[PDC-ferm]']",-316428906.52640057,"['Ip[milling]', 'Ip[DSA]', 'Ip[BCD]', 'Ip[PDC-ferm]']",-463267575.086037,"['Ip[milling]', 'Ip[SEP]', 'Ip[burn]']",0.0042,595412475.4618613,"['Ip[milling]', 'Ip[DSA]', 'Ip[BCD]', 'Ip[PDC-ferm]']",771411392.0980004,"['Ip[milling]', 'Ip[DSA]', 'Ip[BCD]', 'Ip[PDC-ferm]']",756956418.3770021,"['Ip[milling]', 'Ip[DSA]', 'Ip[BCD]', 'Ip[PDC-ferm]']",0.0018,595412475.4618611,"['Ip[milling]', 'Ip[DSA]', 'Ip[BCD]', 'Ip[PDC-ferm]']",771411392.0980012,"['Ip[milling]', 'Ip[DSA]', 'Ip[BCD]', 'Ip[PDC-ferm]']",756956418.3770021,"['Ip[milling]', 'Ip[DSA]', 'Ip[BCD]', 'Ip[PDC-ferm]']",0.1319,595412475.4618611,"['Ip[milling]', 'Ip[DSA]', 'Ip[BCD]', 'Ip[PDC-ferm]']",771411392.0979997,"['Ip[milling]', 'Ip[DSA]', 'Ip[BCD]', 'Ip[PDC-ferm]']",756956418.3770019,"['Ip[milling]', 'Ip[DSA]', 'Ip[BCD]', 'Ip[PDC-ferm]']",3.0,921601586.1106961,"['Ip[milling]', 'Ip[DSA]', 'Ip[BCD]', 'Ip[PDC-ferm]']",1155461372.1545098,"['Ip[milling]', 'Ip[DSA]', 'Ip[BCD]', 'Ip[PDC-ferm]']",1167281305.219869,"['Ip[milling]', 'Ip[DSA]', 'Ip[BCD]', 'Ip[PDC-ferm]']",0.8,641116377.6898413,"['Ip[milling]', 'Ip[DSA]', 'Ip[BCD]', 'Ip[PDC-ferm]']",825711712.5617368,"['Ip[milling]', 'Ip[DSA]', 'Ip[BCD]', 'Ip[PDC-ferm]']",814382709.1082853,"['Ip[milling]', 'Ip[DSA]', 'Ip[BCD]', 'Ip[PDC-ferm]']",0.8,643765616.5155511,"['Ip[milling]', 'Ip[DSA]', 'Ip[BCD]', 'Ip[PDC-ferm]']",839370133.98154,"['Ip[milling]', 'Ip[DSA]', 'Ip[BCD]', 'Ip[PDC-ferm]']",831326098.224266,"['Ip[milling]', 'Ip[DSA]', 'Ip[BCD]', 'Ip[PDC-ferm]']"
50,-59.6574271983495,"['Ip[milling]', 'Ip[DSA]', 'Ip[BCD]', 'Ip[PDC-ferm]']",-66.13268471528825,"['Ip[milling]', 'Ip[DSA]', 'Ip[BCD]', 'Ip[PDC-ferm]']",-72.44826743422996,"['Ip[milling]', 'Ip[DSA]', 'Ip[BCD]', 'Ip[PDC-ferm]']",0.5,576200462.360633,"['Ip[milling]', 'Ip[DSA]', 'Ip[BCD]', 'Ip[PDC-ferm]']",770741308.6002111,"['Ip[milling]', 'Ip[DSA]', 'Ip[BCD]', 'Ip[PDC-ferm]']",768810410.2098788,"['Ip[milling]', 'Ip[DSA]', 'Ip[BCD]', 'Ip[PDC-ferm]']",0.7,595412475.4618615,"['Ip[milling]', 'Ip[DSA]', 'Ip[BCD]', 'Ip[PDC-ferm]']",771411392.0980012,"['Ip[milling]', 'Ip[DSA]', 'Ip[BCD]', 'Ip[PDC-ferm]']",756956418.3770021,"['Ip[milling]', 'Ip[DSA]', 'Ip[BCD]', 'Ip[PDC-ferm]']",65.25,851818376.4313116,"['Ip[milling]', 'Ip[DSA]', 'Ip[BCD]', 'Ip[PDC-ferm]']",58.5,856460044.1466928,"['Ip[milling]', 'Ip[DSA]', 'Ip[BCD]', 'Ip[PDC-ferm]']",52.5,671738188.838892,"['Ip[milling]', 'Ip[DSA]', 'Ip[BCD]', 'Ip[PDC-ferm]']",348.615,205208258.90525374,"['Ip[milling]', 'Ip[DSA]', 'Ip[BCD]', 'Ip[PDC-ferm]']",464478448.14855057,"['Ip[milling]', 'Ip[DSA]', 'Ip[BCD]', 'Ip[PDC-ferm]']",500097739.39156383,"['Ip[milling]', 'Ip[DSA]', 'Ip[BCD]', 'Ip[PDC-ferm]']",4125.0,321606517.9461043,"['Ip[milling]', 'Ip[DSA]', 'Ip[BCD]', 'Ip[PDC-ferm]']",296814399.0706878,"['Ip[milling]', 'Ip[DSA]', 'Ip[BCD]', 'Ip[PDC-ferm]']",209344503.3454885,"['Ip[milling]', 'Ip[DSA]', 'Ip[BCD]', 'Ip[PDC-ferm]']",4725.0,595412475.4618615,"['Ip[milling]', 'Ip[DSA]', 'Ip[BCD]', 'Ip[PDC-ferm]']",771411392.0980012,"['Ip[milling]', 'Ip[DSA]', 'Ip[BCD]', 'Ip[PDC-ferm]']",756956418.3770021,"['Ip[milling]', 'Ip[DSA]', 'Ip[BCD]', 'Ip[PDC-ferm]']",937.5,595412475.4618615,"['Ip[milling]', 'Ip[DSA]', 'Ip[BCD]', 'Ip[PDC-ferm]']",771411392.0980012,"['Ip[milling]', 'Ip[DSA]', 'Ip[BCD]', 'Ip[PDC-ferm]']",756956418.3770012,"['Ip[milling]', 'Ip[DSA]', 'Ip[BCD]', 'Ip[PDC-ferm]']",1642.5,595412475.4618615,"['Ip[milling]', 'Ip[DSA]', 'Ip[BCD]', 'Ip[PDC-ferm]']",771411392.0980012,"['Ip[milling]', 'Ip[DSA]', 'Ip[BCD]', 'Ip[PDC-ferm]']",756956418.3770021,"['Ip[milling]', 'Ip[DSA]', 'Ip[BCD]', 'Ip[PDC-ferm]']",0.58,213930017.79945862,"['Ip[milling]', 'Ip[DSA]', 'Ip[BCD]', 'Ip[PDC-ferm]']",110175132.14983507,"['Ip[milling]', 'Ip[DSA]', 'Ip[BCD]', 'Ip[PDC-ferm]']",-6008496.947804283,"['Ip[milling]', 'Ip[DSA]', 'Ip[BCD]', 'Ip[PDC-ferm]']",0.105,595412475.4618615,"['Ip[milling]', 'Ip[DSA]', 'Ip[BCD]', 'Ip[PDC-ferm]']",771411392.0980012,"['Ip[milling]', 'Ip[DSA]', 'Ip[BCD]', 'Ip[PDC-ferm]']",756956418.3770021,"['Ip[milling]', 'Ip[DSA]', 'Ip[BCD]', 'Ip[PDC-ferm]']",0.13,595412475.4618611,"['Ip[milling]', 'Ip[DSA]', 'Ip[BCD]', 'Ip[PDC-ferm]']",771411392.0980012,"['Ip[milling]', 'Ip[DSA]', 'Ip[BCD]', 'Ip[PDC-ferm]']",756956418.3770021,"['Ip[milling]', 'Ip[DSA]', 'Ip[BCD]', 'Ip[PDC-ferm]']",0.43,595412475.4618615,"['Ip[milling]', 'Ip[DSA]', 'Ip[BCD]', 'Ip[PDC-ferm]']",771411392.0980012,"['Ip[milling]', 'Ip[DSA]', 'Ip[BCD]', 'Ip[PDC-ferm]']",756956418.3770012,"['Ip[milling]', 'Ip[DSA]', 'Ip[BCD]', 'Ip[PDC-ferm]']",3.4,768100828.1583039,"['Ip[milling]', 'Ip[DSA]', 'Ip[BCD]', 'Ip[PDC-ferm]']",974731969.7749759,"['Ip[milling]', 'Ip[DSA]', 'Ip[BCD]', 'Ip[PDC-ferm]']",974187240.8232254,"['Ip[milling]', 'Ip[DSA]', 'Ip[BCD]', 'Ip[PDC-ferm]']",0.9,618264426.5758514,"['Ip[milling]', 'Ip[DSA]', 'Ip[BCD]', 'Ip[PDC-ferm]']",798561552.329869,"['Ip[milling]', 'Ip[DSA]', 'Ip[BCD]', 'Ip[PDC-ferm]']",785669563.742644,"['Ip[milling]', 'Ip[DSA]', 'Ip[BCD]', 'Ip[PDC-ferm]']",0.9,619589045.988706,"['Ip[milling]', 'Ip[DSA]', 'Ip[BCD]', 'Ip[PDC-ferm]']",805390763.0397699,"['Ip[milling]', 'Ip[DSA]', 'Ip[BCD]', 'Ip[PDC-ferm]']",794141258.3006346,"['Ip[milling]', 'Ip[DSA]', 'Ip[BCD]', 'Ip[PDC-ferm]']"
100,-74.70223057005805,"['Ip[milling]', 'Ip[DSA]', 'Ip[BCD]', 'Ip[PDC-ferm]']",-80.82483197060542,"['Ip[milling]', 'Ip[DSA]', 'Ip[BCD]', 'Ip[PDC-ferm]']",-89.71761259941454,"['Ip[milling]', 'Ip[DSA]', 'Ip[BCD]', 'Ip[PDC-ferm]']",0.6,595412475.4618615,"['Ip[milling]', 'Ip[DSA]', 'Ip[BCD]', 'Ip[PDC-ferm]']",771411392.0980012,"['Ip[milling]', 'Ip[DSA]', 'Ip[BCD]', 'Ip[PDC-ferm]']",756956418.3770012,"['Ip[milling]', 'Ip[DSA]', 'Ip[BCD]', 'Ip[PDC-ferm]']",0.8,595412475.4618615,"['Ip[milling]', 'Ip[DSA]', 'Ip[BCD]', 'Ip[PDC-ferm]']",771411392.0980012,"['Ip[milling]', 'Ip[DSA]', 'Ip[BCD]', 'Ip[PDC-ferm]']",756956418.3770012,"['Ip[milling]', 'Ip[DSA]', 'Ip[BCD]', 'Ip[PDC-ferm]']",87.0,756956418.3770012,"['Ip[milling]', 'Ip[DSA]', 'Ip[BCD]', 'Ip[PDC-ferm]']",78.0,771411392.0980012,"['Ip[milling]', 'Ip[DSA]', 'Ip[BCD]', 'Ip[PDC-ferm]']",70.0,595412475.4618615,"['Ip[milling]', 'Ip[DSA]', 'Ip[BCD]', 'Ip[PDC-ferm]']",464.82,595412475.4618615,"['Ip[milling]', 'Ip[DSA]', 'Ip[BCD]', 'Ip[PDC-ferm]']",771411392.0980012,"['Ip[milling]', 'Ip[DSA]', 'Ip[BCD]', 'Ip[PDC-ferm]']",756956418.3770012,"['Ip[milling]', 'Ip[DSA]', 'Ip[BCD]', 'Ip[PDC-ferm]']",5500.0,595412475.4618615,"['Ip[milling]', 'Ip[DSA]', 'Ip[BCD]', 'Ip[PDC-ferm]']",771411392.0980012,"['Ip[milling]', 'Ip[DSA]', 'Ip[BCD]', 'Ip[PDC-ferm]']",756956418.3770012,"['Ip[milling]', 'Ip[DSA]', 'Ip[BCD]', 'Ip[PDC-ferm]']",6300.0,595412475.4618615,"['Ip[milling]', 'Ip[DSA]', 'Ip[BCD]', 'Ip[PDC-ferm]']",771411392.0980012,"['Ip[milling]', 'Ip[DSA]', 'Ip[BCD]', 'Ip[PDC-ferm]']",756956418.3770012,"['Ip[milling]', 'Ip[DSA]', 'Ip[BCD]', 'Ip[PDC-ferm]']",1250.0,595412475.4618615,"['Ip[milling]', 'Ip[DSA]', 'Ip[BCD]', 'Ip[PDC-ferm]']",771411392.0980012,"['Ip[milling]', 'Ip[DSA]', 'Ip[BCD]', 'Ip[PDC-ferm]']",756956418.3770012,"['Ip[milling]', 'Ip[DSA]', 'Ip[BCD]', 'Ip[PDC-ferm]']",2190.0,595412475.4618615,"['Ip[milling]', 'Ip[DSA]', 'Ip[BCD]', 'Ip[PDC-ferm]']",771411392.0980012,"['Ip[milling]', 'Ip[DSA]', 'Ip[BCD]', 'Ip[PDC-ferm]']",756956418.3770012,"['Ip[milling]', 'Ip[DSA]', 'Ip[BCD]', 'Ip[PDC-ferm]']",0.89,595412475.4618615,"['Ip[milling]', 'Ip[DSA]', 'Ip[BCD]', 'Ip[PDC-ferm]']",771411392.0980012,"['Ip[milling]', 'Ip[DSA]', 'Ip[BCD]', 'Ip[PDC-ferm]']",756956418.3770021,"['Ip[milling]', 'Ip[DSA]', 'Ip[BCD]', 'Ip[PDC-ferm]']",0.13,595412475.4618615,"['Ip[milling]', 'Ip[DSA]', 'Ip[BCD]', 'Ip[PDC-ferm]']",771411392.0980012,"['Ip[milling]', 'Ip[DSA]', 'Ip[BCD]', 'Ip[PDC-ferm]']",756956418.3770021,"['Ip[milling]', 'Ip[DSA]', 'Ip[BCD]', 'Ip[PDC-ferm]']",0.17,595412475.4618615,"['Ip[milling]', 'Ip[DSA]', 'Ip[BCD]', 'Ip[PDC-ferm]']",771411392.0980012,"['Ip[milling]', 'Ip[DSA]', 'Ip[BCD]', 'Ip[PDC-ferm]']",756956418.3770021,"['Ip[milling]', 'Ip[DSA]', 'Ip[BCD]', 'Ip[PDC-ferm]']",0.66,595412475.4618615,"['Ip[milling]', 'Ip[DSA]', 'Ip[BCD]', 'Ip[PDC-ferm]']",771411392.0980012,"['Ip[milling]', 'Ip[DSA]', 'Ip[BCD]', 'Ip[PDC-ferm]']",756956418.3770021,"['Ip[milling]', 'Ip[DSA]', 'Ip[BCD]', 'Ip[PDC-ferm]']",3.85,595412475.4618615,"['Ip[milling]', 'Ip[DSA]', 'Ip[BCD]', 'Ip[PDC-ferm]']",771411392.0980012,"['Ip[milling]', 'Ip[DSA]', 'Ip[BCD]', 'Ip[PDC-ferm]']",756956418.3770021,"['Ip[milling]', 'Ip[DSA]', 'Ip[BCD]', 'Ip[PDC-ferm]']",1.0,595412475.4618615,"['Ip[milling]', 'Ip[DSA]', 'Ip[BCD]', 'Ip[PDC-ferm]']",771411392.0980012,"['Ip[milling]', 'Ip[DSA]', 'Ip[BCD]', 'Ip[PDC-ferm]']",756956418.3770021,"['Ip[milling]', 'Ip[DSA]', 'Ip[BCD]', 'Ip[PDC-ferm]']",1.0,595412475.4618615,"['Ip[milling]', 'Ip[DSA]', 'Ip[BCD]', 'Ip[PDC-ferm]']",771411392.0980012,"['Ip[milling]', 'Ip[DSA]', 'Ip[BCD]', 'Ip[PDC-ferm]']",756956418.3770021,"['Ip[milling]', 'Ip[DSA]', 'Ip[BCD]', 'Ip[PDC-ferm]']"
150,-80.01295109890518,"['Ip[milling]', 'Ip[DSA]', 'Ip[BCD]', 'Ip[PDC-ferm]']",-84.3976539868498,"['Ip[milling]', 'Ip[DSA]', 'Ip[BCD]', 'Ip[PDC-ferm]']",-95.10938923774489,"['Ip[milling]', 'Ip[DSA]', 'Ip[BCD]', 'Ip[PDC-ferm]']",0.8,630677494.2249441,"['Ip[milling]', 'Ip[DSA]', 'Ip[BCD]', 'Ip[PDC-ferm]']",772576672.5648844,"['Ip[milling]', 'Ip[DSA]', 'Ip[BCD]', 'Ip[PDC-ferm]']",732070400.7880557,"['Ip[milling]', 'Ip[DSA]', 'Ip[BCD]', 'Ip[PDC-ferm]']",0.9,595412475.4618613,"['Ip[milling]', 'Ip[DSA]', 'Ip[BCD]', 'Ip[PDC-ferm]']",771411392.0979999,"['Ip[milling]', 'Ip[DSA]', 'Ip[BCD]', 'Ip[PDC-ferm]']",756956418.3770012,"['Ip[milling]', 'Ip[DSA]', 'Ip[BCD]', 'Ip[PDC-ferm]']",103.53,684861330.255727,"['Ip[milling]', 'Ip[DSA]', 'Ip[BCD]', 'Ip[PDC-ferm]']",92.82,706774416.5409958,"['Ip[milling]', 'Ip[DSA]', 'Ip[BCD]', 'Ip[PDC-ferm]']",83.3,537404933.2953184,"['Ip[milling]', 'Ip[DSA]', 'Ip[BCD]', 'Ip[PDC-ferm]']",581.025,985616692.01847,"['Ip[milling]', 'Ip[DSA]', 'Ip[BCD]', 'Ip[PDC-ferm]']",1078344336.0474508,"['Ip[milling]', 'Ip[DSA]', 'Ip[BCD]', 'Ip[PDC-ferm]']",1013815097.36244,"['Ip[milling]', 'Ip[DSA]', 'Ip[BCD]', 'Ip[PDC-ferm]']",6875.0,869218432.9776188,"['Ip[milling]', 'Ip[DSA]', 'Ip[BCD]', 'Ip[PDC-ferm]']",1246008385.1253123,"['Ip[milling]', 'Ip[DSA]', 'Ip[BCD]', 'Ip[PDC-ferm]']",1304568333.4085164,"['Ip[milling]', 'Ip[DSA]', 'Ip[BCD]', 'Ip[PDC-ferm]']",7875.0,595412475.4618615,"['Ip[milling]', 'Ip[DSA]', 'Ip[BCD]', 'Ip[PDC-ferm]']",771411392.0980012,"['Ip[milling]', 'Ip[DSA]', 'Ip[BCD]', 'Ip[PDC-ferm]']",756956418.3770021,"['Ip[milling]', 'Ip[DSA]', 'Ip[BCD]', 'Ip[PDC-ferm]']",1562.5,595412475.4618615,"['Ip[milling]', 'Ip[DSA]', 'Ip[BCD]', 'Ip[PDC-ferm]']",771411392.0980012,"['Ip[milling]', 'Ip[DSA]', 'Ip[BCD]', 'Ip[PDC-ferm]']",756956418.3770012,"['Ip[milling]', 'Ip[DSA]', 'Ip[BCD]', 'Ip[PDC-ferm]']",2737.5,595412475.4618615,"['Ip[milling]', 'Ip[DSA]', 'Ip[BCD]', 'Ip[PDC-ferm]']",771411392.0980017,"['Ip[milling]', 'Ip[DSA]', 'Ip[BCD]', 'Ip[PDC-ferm]']",756956418.3770012,"['Ip[milling]', 'Ip[DSA]', 'Ip[BCD]', 'Ip[PDC-ferm]']",0.94,656941904.1170876,"['Ip[milling]', 'Ip[DSA]', 'Ip[BCD]', 'Ip[PDC-ferm]']",878062401.7670606,"['Ip[milling]', 'Ip[DSA]', 'Ip[BCD]', 'Ip[PDC-ferm]']",880015275.6874548,"['Ip[milling]', 'Ip[DSA]', 'Ip[BCD]', 'Ip[PDC-ferm]']",0.2,595412475.4618615,"['Ip[milling]', 'Ip[DSA]', 'Ip[BCD]', 'Ip[PDC-ferm]']",771411392.0980012,"['Ip[milling]', 'Ip[DSA]', 'Ip[BCD]', 'Ip[PDC-ferm]']",756956418.3770012,"['Ip[milling]', 'Ip[DSA]', 'Ip[BCD]', 'Ip[PDC-ferm]']",0.215,595412475.4618611,"['Ip[milling]', 'Ip[DSA]', 'Ip[BCD]', 'Ip[PDC-ferm]']",771411392.0980012,"['Ip[milling]', 'Ip[DSA]', 'Ip[BCD]', 'Ip[PDC-ferm]']",756956418.3770021,"['Ip[milling]', 'Ip[DSA]', 'Ip[BCD]', 'Ip[PDC-ferm]']",0.685,595412475.4618615,"['Ip[milling]', 'Ip[DSA]', 'Ip[BCD]', 'Ip[PDC-ferm]']",771411392.0980012,"['Ip[milling]', 'Ip[DSA]', 'Ip[BCD]', 'Ip[PDC-ferm]']",756956418.3770021,"['Ip[milling]', 'Ip[DSA]', 'Ip[BCD]', 'Ip[PDC-ferm]']",4.4,384348933.2773241,"['Ip[milling]', 'Ip[DSA]', 'Ip[BCD]', 'Ip[PDC-ferm]']",522908463.82614136,"['Ip[milling]', 'Ip[DSA]', 'Ip[BCD]', 'Ip[PDC-ferm]']",491452079.83161867,"['Ip[milling]', 'Ip[DSA]', 'Ip[BCD]', 'Ip[PDC-ferm]']",1.1,572560524.3478719,"['Ip[milling]', 'Ip[DSA]', 'Ip[BCD]', 'Ip[PDC-ferm]']",744261231.8661335,"['Ip[milling]', 'Ip[DSA]', 'Ip[BCD]', 'Ip[PDC-ferm]']",728243273.0113597,"['Ip[milling]', 'Ip[DSA]', 'Ip[BCD]', 'Ip[PDC-ferm]']",1.1,571235904.9350164,"['Ip[milling]', 'Ip[DSA]', 'Ip[BCD]', 'Ip[PDC-ferm]']",737432021.15623,"['Ip[milling]', 'Ip[DSA]', 'Ip[BCD]', 'Ip[PDC-ferm]']",719771578.4533705,"['Ip[milling]', 'Ip[DSA]', 'Ip[BCD]', 'Ip[PDC-ferm]']"
200,-79.92627802073282,"['Ip[milling]', 'Ip[DSA]', 'Ip[BCD]', 'Ip[PDC-ferm]']",-81.82229901308678,"['Ip[milling]', 'Ip[DSA]', 'Ip[BCD]', 'Ip[PDC-ferm]']",-93.94184390529698,"['Ip[milling]', 'Ip[DSA]', 'Ip[BCD]', 'Ip[PDC-ferm]']",1.0,662131948.8823478,"['Ip[milling]', 'Ip[DSA]', 'Ip[BCD]', 'Ip[PDC-ferm]']",773517586.2254952,"['Ip[milling]', 'Ip[DSA]', 'Ip[BCD]', 'Ip[PDC-ferm]']",705539144.0433055,"['Ip[milling]', 'Ip[DSA]', 'Ip[BCD]', 'Ip[PDC-ferm]']",1.0,595412475.4618615,"['Ip[milling]', 'Ip[DSA]', 'Ip[BCD]', 'Ip[PDC-ferm]']",771411392.0979999,"['Ip[milling]', 'Ip[DSA]', 'Ip[BCD]', 'Ip[PDC-ferm]']",756956418.3770021,"['Ip[milling]', 'Ip[DSA]', 'Ip[BCD]', 'Ip[PDC-ferm]']",120.05999999999999,612766242.1344517,"['Ip[milling]', 'Ip[DSA]', 'Ip[BCD]', 'Ip[PDC-ferm]']",107.63999999999999,642137440.9839902,"['Ip[milling]', 'Ip[DSA]', 'Ip[BCD]', 'Ip[PDC-ferm]']",96.6,479397391.128775,"['Ip[milling]', 'Ip[DSA]', 'Ip[BCD]', 'Ip[PDC-ferm]']",697.23,1375820908.575079,"['Ip[milling]', 'Ip[DSA]', 'Ip[BCD]', 'Ip[PDC-ferm]']",1385277279.9969025,"['Ip[milling]', 'Ip[DSA]', 'Ip[BCD]', 'Ip[PDC-ferm]']",1270673776.3478792,"['Ip[milling]', 'Ip[DSA]', 'Ip[BCD]', 'Ip[PDC-ferm]']",8250.0,1143024390.4933753,"['Ip[milling]', 'Ip[DSA]', 'Ip[BCD]', 'Ip[PDC-ferm]']",1720605378.1526258,"['Ip[milling]', 'Ip[DSA]', 'Ip[BCD]', 'Ip[PDC-ferm]']",1852180248.4400308,"['Ip[milling]', 'Ip[DSA]', 'Ip[BCD]', 'Ip[PDC-ferm]']",9450.0,595412475.4618615,"['Ip[milling]', 'Ip[DSA]', 'Ip[BCD]', 'Ip[PDC-ferm]']",771411392.0980012,"['Ip[milling]', 'Ip[DSA]', 'Ip[BCD]', 'Ip[PDC-ferm]']",756956418.3770012,"['Ip[milling]', 'Ip[DSA]', 'Ip[BCD]', 'Ip[PDC-ferm]']",1875.0,595412475.4618615,"['Ip[milling]', 'Ip[DSA]', 'Ip[BCD]', 'Ip[PDC-ferm]']",771411392.0980012,"['Ip[milling]', 'Ip[DSA]', 'Ip[BCD]', 'Ip[PDC-ferm]']",756956418.3770012,"['Ip[milling]', 'Ip[DSA]', 'Ip[BCD]', 'Ip[PDC-ferm]']",3285.0,595412475.4618615,"['Ip[milling]', 'Ip[DSA]', 'Ip[BCD]', 'Ip[PDC-ferm]']",771411392.0980012,"['Ip[milling]', 'Ip[DSA]', 'Ip[BCD]', 'Ip[PDC-ferm]']",756956418.3770021,"['Ip[milling]', 'Ip[DSA]', 'Ip[BCD]', 'Ip[PDC-ferm]']",0.99,718471332.7723142,"['Ip[milling]', 'Ip[DSA]', 'Ip[BCD]', 'Ip[PDC-ferm]']",984713411.4361184,"['Ip[milling]', 'Ip[DSA]', 'Ip[BCD]', 'Ip[PDC-ferm]']",1003074132.9979074,"['Ip[milling]', 'Ip[DSA]', 'Ip[BCD]', 'Ip[PDC-ferm]']",0.2847,595412475.4618615,"['Ip[milling]', 'Ip[DSA]', 'Ip[BCD]', 'Ip[PDC-ferm]']",771411392.0980004,"['Ip[milling]', 'Ip[DSA]', 'Ip[BCD]', 'Ip[PDC-ferm]']",756956418.3770021,"['Ip[milling]', 'Ip[DSA]', 'Ip[BCD]', 'Ip[PDC-ferm]']",0.26,595412475.4618611,"['Ip[milling]', 'Ip[DSA]', 'Ip[BCD]', 'Ip[PDC-ferm]']",771411392.0980012,"['Ip[milling]', 'Ip[DSA]', 'Ip[BCD]', 'Ip[PDC-ferm]']",756956418.3770021,"['Ip[milling]', 'Ip[DSA]', 'Ip[BCD]', 'Ip[PDC-ferm]']",0.7182,595412475.4618615,"['Ip[milling]', 'Ip[DSA]', 'Ip[BCD]', 'Ip[PDC-ferm]']",771411392.0980012,"['Ip[milling]', 'Ip[DSA]', 'Ip[BCD]', 'Ip[PDC-ferm]']",756956418.3770021,"['Ip[milling]', 'Ip[DSA]', 'Ip[BCD]', 'Ip[PDC-ferm]']",5.0,154097796.34873432,"['Ip[milling]', 'Ip[DSA]', 'Ip[BCD]', 'Ip[PDC-ferm]']",251814360.2568397,"['Ip[milling]', 'Ip[DSA]', 'Ip[BCD]', 'Ip[PDC-ferm]']",201810983.23665312,"['Ip[milling]', 'Ip[DSA]', 'Ip[BCD]', 'Ip[PDC-ferm]']",1.2,549708573.233882,"['Ip[milling]', 'Ip[DSA]', 'Ip[BCD]', 'Ip[PDC-ferm]']",717111071.6342657,"['Ip[milling]', 'Ip[DSA]', 'Ip[BCD]', 'Ip[PDC-ferm]']",699530127.645719,"['Ip[milling]', 'Ip[DSA]', 'Ip[BCD]', 'Ip[PDC-ferm]']",1.2,547059334.4081713,"['Ip[milling]', 'Ip[DSA]', 'Ip[BCD]', 'Ip[PDC-ferm]']",703452650.2144607,"['Ip[milling]', 'Ip[DSA]', 'Ip[BCD]', 'Ip[PDC-ferm]']",682586738.5297383,"['Ip[milling]', 'Ip[DSA]', 'Ip[BCD]', 'Ip[PDC-ferm]']"
250,-76.22595782645247,"['Ip[milling]', 'Ip[DSA]', 'Ip[BCD]', 'Ip[PDC-ferm]']",-75.13865355158973,"['Ip[milling]', 'Ip[DSA]', 'Ip[BCD]', 'Ip[PDC-ferm]']",-88.39518994248988,"['Ip[milling]', 'Ip[DSA]', 'Ip[BCD]', 'Ip[PDC-ferm]']",,,,,,,,,,,,,,,,,,,,,,,,,,,,,,,,,,,,,,,,,,,,,,,,,,,,,,,,,,,,,,,,,,,,,,,,,,,,,,,,,,,,,,,,,,,,,,,,,,,,,,,,,,,
300,-69.86528558669995,"['Ip[milling]', 'Ip[DSA]', 'Ip[BCD]', 'Ip[PDC-ferm]']",-65.43509132229063,"['Ip[milling]', 'Ip[DSA]', 'Ip[BCD]', 'Ip[PDC-ferm]']",-79.63175687461076,"['Ip[milling]', 'Ip[DSA]', 'Ip[BCD]', 'Ip[PDC-ferm]']",,,,,,,,,,,,,,,,,,,,,,,,,,,,,,,,,,,,,,,,,,,,,,,,,,,,,,,,,,,,,,,,,,,,,,,,,,,,,,,,,,,,,,,,,,,,,,,,,,,,,,,,,,,
350,-61.42898071445767,"['Ip[milling]', 'Ip[DSA]', 'Ip[BCD]', 'Ip[PDC-ferm]']",-53.37830895621865,"['Ip[milling]', 'Ip[DSA]', 'Ip[BCD]', 'Ip[PDC-ferm]']",-68.36312400816936,"['Ip[milling]', 'Ip[DSA]', 'Ip[BCD]', 'Ip[PDC-ferm]']",,,,,,,,,,,,,,,,,,,,,,,,,,,,,,,,,,,,,,,,,,,,,,,,,,,,,,,,,,,,,,,,,,,,,,,,,,,,,,,,,,,,,,,,,,,,,,,,,,,,,,,,,,,
400,-51.3082000928081,"['Ip[milling]', 'Ip[DSA]', 'Ip[BCD]', 'Ip[PDC-ferm]']",-39.41381576018004,"['Ip[milling]', 'Ip[DSA]', 'Ip[BCD]', 'Ip[PDC-ferm]']",-55.06455870048826,"['Ip[milling]', 'Ip[DSA]', 'Ip[BCD]', 'Ip[PDC-ferm]']",,,,,,,,,,,,,,,,,,,,,,,,,,,,,,,,,,,,,,,,,,,,,,,,,,,,,,,,,,,,,,,,,,,,,,,,,,,,,,,,,,,,,,,,,,,,,,,,,,,,,,,,,,,
450,-39.78082723254466,"['Ip[milling]', 'Ip[DSA]', 'Ip[BCD]', 'Ip[PDC-ferm]']",-23.857810087547183,"['Ip[milling]', 'Ip[DSA]', 'Ip[BCD]', 'Ip[PDC-ferm]']",-40.07323675070724,"['Ip[milling]', 'Ip[DSA]', 'Ip[BCD]', 'Ip[PDC-ferm]']",,,,,,,,,,,,,,,,,,,,,,,,,,,,,,,,,,,,,,,,,,,,,,,,,,,,,,,,,,,,,,,,,,,,,,,,,,,,,,,,,,,,,,,,,,,,,,,,,,,,,,,,,,,
500,-27.053208624033058,"['Ip[milling]', 'Ip[DSA]', 'Ip[BCD]', 'Ip[PDC-ferm]']",-6.94489507029555,"['Ip[milling]', 'Ip[DSA]', 'Ip[BCD]', 'Ip[PDC-ferm]']",-23.63923185330528,"['Ip[milling]', 'Ip[DSA]', 'Ip[BCD]', 'Ip[PDC-ferm]']",,,,,,,,,,,,,,,,,,,,,,,,,,,,,,,,,,,,,,,,,,,,,,,,,,,,,,,,,,,,,,,,,,,,,,,,,,,,,,,,,,,,,,,,,,,,,,,,,,,,,,,,,,,
550,-13.283870711867031,"['Ip[milling]', 'Ip[DSA]', 'Ip[BCD]', 'Ip[PDC-ferm]']",11.144828272673134,"['Ip[milling]', 'Ip[DSA]', 'Ip[BCD]', 'Ip[PDC-ferm]']",-5.954457145725209,"['Ip[milling]', 'Ip[DSA]', 'Ip[BCD]', 'Ip[PDC-ferm]']",,,,,,,,,,,,,,,,,,,,,,,,,,,,,,,,,,,,,,,,,,,,,,,,,,,,,,,,,,,,,,,,,,,,,,,,,,,,,,,,,,,,,,,,,,,,,,,,,,,,,,,,,,,
600,1.4020675408625696,"['Ip[milling]', 'Ip[DSA]', 'Ip[BCD]', 'Ip[PDC-ferm]']",30.269308522073295,"['Ip[milling]', 'Ip[DSA]', 'Ip[BCD]', 'Ip[PDC-ferm]']",12.829765402285213,"['Ip[milling]', 'Ip[DSA]', 'Ip[BCD]', 'Ip[PDC-ferm]']",,,,,,,,,,,,,,,,,,,,,,,,,,,,,,,,,,,,,,,,,,,,,,,,,,,,,,,,,,,,,,,,,,,,,,,,,,,,,,,,,,,,,,,,,,,,,,,,,,,,,,,,,,,
650,16.903664052098907,"['Ip[milling]', 'Ip[DSA]', 'Ip[BCD]', 'Ip[PDC-ferm]']",50.314013506983095,"['Ip[milling]', 'Ip[DSA]', 'Ip[BCD]', 'Ip[PDC-ferm]']",32.591463021516624,"['Ip[milling]', 'Ip[DSA]', 'Ip[BCD]', 'Ip[PDC-ferm]']",,,,,,,,,,,,,,,,,,,,,,,,,,,,,,,,,,,,,,,,,,,,,,,,,,,,,,,,,,,,,,,,,,,,,,,,,,,,,,,,,,,,,,,,,,,,,,,,,,,,,,,,,,,
700,33.13798637744654,"['Ip[milling]', 'Ip[DSA]', 'Ip[BCD]', 'Ip[PDC-ferm]']",71.18489876502971,"['Ip[milling]', 'Ip[DSA]', 'Ip[BCD]', 'Ip[PDC-ferm]']",53.230507399609934,"['Ip[milling]', 'Ip[DSA]', 'Ip[BCD]', 'Ip[PDC-ferm]']",,,,,,,,,,,,,,,,,,,,,,,,,,,,,,,,,,,,,,,,,,,,,,,,,,,,,,,,,,,,,,,,,,,,,,,,,,,,,,,,,,,,,,,,,,,,,,,,,,,,,,,,,,,
750,50.03584505281964,"['Ip[milling]', 'Ip[DSA]', 'Ip[BCD]', 'Ip[PDC-ferm]']",92.80354555491908,"['Ip[milling]', 'Ip[DSA]', 'Ip[BCD]', 'Ip[PDC-ferm]']",74.66342674926713,"['Ip[milling]', 'Ip[DSA]', 'Ip[BCD]', 'Ip[PDC-ferm]']",,,,,,,,,,,,,,,,,,,,,,,,,,,,,,,,,,,,,,,,,,,,,,,,,,,,,,,,,,,,,,,,,,,,,,,,,,,,,,,,,,,,,,,,,,,,,,,,,,,,,,,,,,,
800,67.53875425009446,"['Ip[milling]', 'Ip[DSA]', 'Ip[BCD]', 'Ip[PDC-ferm]']",115.10369915388179,"['Ip[milling]', 'Ip[DSA]', 'Ip[BCD]', 'Ip[PDC-ferm]']",96.8197128638208,"['Ip[milling]', 'Ip[DSA]', 'Ip[BCD]', 'Ip[PDC-ferm]']",,,,,,,,,,,,,,,,,,,,,,,,,,,,,,,,,,,,,,,,,,,,,,,,,,,,,,,,,,,,,,,,,,,,,,,,,,,,,,,,,,,,,,,,,,,,,,,,,,,,,,,,,,,
850,85.59671215097151,"['Ip[milling]', 'Ip[DSA]', 'Ip[BCD]', 'Ip[PDC-ferm]']",138.0287419578683,"['Ip[milling]', 'Ip[DSA]', 'Ip[BCD]', 'Ip[PDC-ferm]']",119.6391259845286,"['Ip[milling]', 'Ip[DSA]', 'Ip[BCD]', 'Ip[PDC-ferm]']",,,,,,,,,,,,,,,,,,,,,,,,,,,,,,,,,,,,,,,,,,,,,,,,,,,,,,,,,,,,,,,,,,,,,,,,,,,,,,,,,,,,,,,,,,,,,,,,,,,,,,,,,,,
900,104.16654481211916,"['Ip[milling]', 'Ip[DSA]', 'Ip[BCD]', 'Ip[PDC-ferm]']",161.5298089002996,"['Ip[milling]', 'Ip[DSA]', 'Ip[BCD]', 'Ip[PDC-ferm]']",143.0696851445188,"['Ip[milling]', 'Ip[DSA]', 'Ip[BCD]', 'Ip[PDC-ferm]']",,,,,,,,,,,,,,,,,,,,,,,,,,,,,,,,,,,,,,,,,,,,,,,,,,,,,,,,,,,,,,,,,,,,,,,,,,,,,,,,,,,,,,,,,,,,,,,,,,,,,,,,,,,
950,123.21064716100081,"['Ip[milling]', 'Ip[DSA]', 'Ip[BCD]', 'Ip[PDC-ferm]']",185.564355368513,"['Ip[milling]', 'Ip[DSA]', 'Ip[BCD]', 'Ip[PDC-ferm]']",167.06614132395285,"['Ip[milling]', 'Ip[DSA]', 'Ip[BCD]', 'Ip[PDC-ferm]']",,,,,,,,,,,,,,,,,,,,,,,,,,,,,,,,,,,,,,,,,,,,,,,,,,,,,,,,,,,,,,,,,,,,,,,,,,,,,,,,,,,,,,,,,,,,,,,,,,,,,,,,,,,
1000,142.69601003907286,"['Ip[milling]', 'Ip[DSA]', 'Ip[BCD]', 'Ip[PDC-ferm]']",210.09505092003508,"['Ip[milling]', 'Ip[DSA]', 'Ip[BCD]', 'Ip[PDC-ferm]']",191.58879816957463,"['Ip[milling]', 'Ip[DSA]', 'Ip[BCD]', 'Ip[PDC-ferm]']",,,,,,,,,,,,,,,,,,,,,,,,,,,,,,,,,,,,,,,,,,,,,,,,,,,,,,,,,,,,,,,,,,,,,,,,,,,,,,,,,,,,,,,,,,,,,,,,,,,,,,,,,,,
1050,162.59345727481997,"['Ip[milling]', 'Ip[DSA]', 'Ip[BCD]', 'Ip[PDC-ferm]']",235.0889121282619,"['Ip[milling]', 'Ip[DSA]', 'Ip[BCD]', 'Ip[PDC-ferm]']",216.6025877757172,"['Ip[milling]', 'Ip[DSA]', 'Ip[BCD]', 'Ip[PDC-ferm]']",,,,,,,,,,,,,,,,,,,,,,,,,,,,,,,,,,,,,,,,,,,,,,,,,,,,,,,,,,,,,,,,,,,,,,,,,,,,,,,,,,,,,,,,,,,,,,,,,,,,,,,,,,,
1100,182.8770396240299,"['Ip[milling]', 'Ip[DSA]', 'Ip[BCD]', 'Ip[PDC-ferm]']",260.516613966467,"['Ip[milling]', 'Ip[DSA]', 'Ip[BCD]', 'Ip[PDC-ferm]']",242.07633686860774,"['Ip[milling]', 'Ip[DSA]', 'Ip[BCD]', 'Ip[PDC-ferm]']",,,,,,,,,,,,,,,,,,,,,,,,,,,,,,,,,,,,,,,,,,,,,,,,,,,,,,,,,,,,,,,,,,,,,,,,,,,,,,,,,,,,,,,,,,,,,,,,,,,,,,,,,,,
1150,203.52354767258885,"['Ip[milling]', 'Ip[DSA]', 'Ip[BCD]', 'Ip[PDC-ferm]']",286.35193654357244,"['Ip[milling]', 'Ip[DSA]', 'Ip[BCD]', 'Ip[PDC-ferm]']",267.9821773155729,"['Ip[milling]', 'Ip[DSA]', 'Ip[BCD]', 'Ip[PDC-ferm]']",,,,,,,,,,,,,,,,,,,,,,,,,,,,,,,,,,,,,,,,,,,,,,,,,,,,,,,,,,,,,,,,,,,,,,,,,,,,,,,,,,,,,,,,,,,,,,,,,,,,,,,,,,,
1200,224.51211620355548,"['Ip[milling]', 'Ip[DSA]', 'Ip[BCD]', 'Ip[PDC-ferm]']",312.5713158717949,"['Ip[milling]', 'Ip[DSA]', 'Ip[BCD]', 'Ip[PDC-ferm]']",294.2950675469017,"['Ip[milling]', 'Ip[DSA]', 'Ip[BCD]', 'Ip[PDC-ferm]']",,,,,,,,,,,,,,,,,,,,,,,,,,,,,,,,,,,,,,,,,,,,,,,,,,,,,,,,,,,,,,,,,,,,,,,,,,,,,,,,,,,,,,,,,,,,,,,,,,,,,,,,,,,
1250,245.8238997656433,"['Ip[milling]', 'Ip[DSA]', 'Ip[BCD]', 'Ip[PDC-ferm]']",339.15347559431274,"['Ip[milling]', 'Ip[DSA]', 'Ip[BCD]', 'Ip[PDC-ferm]']",320.99240028058546,"['Ip[milling]', 'Ip[DSA]', 'Ip[BCD]', 'Ip[PDC-ferm]']",,,,,,,,,,,,,,,,,,,,,,,,,,,,,,,,,,,,,,,,,,,,,,,,,,,,,,,,,,,,,,,,,,,,,,,,,,,,,,,,,,,,,,,,,,,,,,,,,,,,,,,,,,,
1300,267.4418042989139,"['Ip[milling]', 'Ip[DSA]', 'Ip[BCD]', 'Ip[PDC-ferm]']",366.0791224344525,"['Ip[milling]', 'Ip[DSA]', 'Ip[BCD]', 'Ip[PDC-ferm]']",348.053678164801,"['Ip[milling]', 'Ip[DSA]', 'Ip[BCD]', 'Ip[PDC-ferm]']",,,,,,,,,,,,,,,,,,,,,,,,,,,,,,,,,,,,,,,,,,,,,,,,,,,,,,,,,,,,,,,,,,,,,,,,,,,,,,,,,,,,,,,,,,,,,,,,,,,,,,,,,,,
1350,289.35026335221676,"['Ip[milling]', 'Ip[DSA]', 'Ip[BCD]', 'Ip[PDC-ferm]']",393.3306923190624,"['Ip[milling]', 'Ip[DSA]', 'Ip[BCD]', 'Ip[PDC-ferm]']",375.4602434247322,"['Ip[milling]', 'Ip[DSA]', 'Ip[BCD]', 'Ip[PDC-ferm]']",,,,,,,,,,,,,,,,,,,,,,,,,,,,,,,,,,,,,,,,,,,,,,,,,,,,,,,,,,,,,,,,,,,,,,,,,,,,,,,,,,,,,,,,,,,,,,,,,,,,,,,,,,,
1400,311.5350501090845,"['Ip[milling]', 'Ip[DSA]', 'Ip[BCD]', 'Ip[PDC-ferm]']",420.8921371836819,"['Ip[milling]', 'Ip[DSA]', 'Ip[BCD]', 'Ip[PDC-ferm]']",403.19505085933514,"['Ip[milling]', 'Ip[DSA]', 'Ip[BCD]', 'Ip[PDC-ferm]']",,,,,,,,,,,,,,,,,,,,,,,,,,,,,,,,,,,,,,,,,,,,,,,,,,,,,,,,,,,,,,,,,,,,,,,,,,,,,,,,,,,,,,,,,,,,,,,,,,,,,,,,,,,
1450,333.9831184202113,"['Ip[milling]', 'Ip[DSA]', 'Ip[BCD]', 'Ip[PDC-ferm]']",448.74874472331214,"['Ip[milling]', 'Ip[DSA]', 'Ip[BCD]', 'Ip[PDC-ferm]']",431.2424759403559,"['Ip[milling]', 'Ip[DSA]', 'Ip[BCD]', 'Ip[PDC-ferm]']",,,,,,,,,,,,,,,,,,,,,,,,,,,,,,,,,,,,,,,,,,,,,,,,,,,,,,,,,,,,,,,,,,,,,,,,,,,,,,,,,,,,,,,,,,,,,,,,,,,,,,,,,,,
1500,356.6824675223123,"['Ip[milling]', 'Ip[DSA]', 'Ip[BCD]', 'Ip[PDC-ferm]']",476.88698503936286,"['Ip[milling]', 'Ip[DSA]', 'Ip[BCD]', 'Ip[PDC-ferm]']",459.58815156484826,"['Ip[milling]', 'Ip[DSA]', 'Ip[BCD]', 'Ip[PDC-ferm]']",,,,,,,,,,,,,,,,,,,,,,,,,,,,,,,,,,,,,,,,,,,,,,,,,,,,,,,,,,,,,,,,,,,,,,,,,,,,,,,,,,,,,,,,,,,,,,,,,,,,,,,,,,,
1550,379.62202624347026,"['Ip[milling]', 'Ip[DSA]', 'Ip[BCD]', 'Ip[PDC-ferm]']",505.2943794083094,"['Ip[milling]', 'Ip[DSA]', 'Ip[BCD]', 'Ip[PDC-ferm]']",488.2188283722305,"['Ip[milling]', 'Ip[DSA]', 'Ip[BCD]', 'Ip[PDC-ferm]']",,,,,,,,,,,,,,,,,,,,,,,,,,,,,,,,,,,,,,,,,,,,,,,,,,,,,,,,,,,,,,,,,,,,,,,,,,,,,,,,,,,,,,,,,,,,,,,,,,,,,,,,,,,
1600,402.7915533510204,"['Ip[milling]', 'Ip[DSA]', 'Ip[BCD]', 'Ip[PDC-ferm]']",533.9593873716069,"['Ip[milling]', 'Ip[DSA]', 'Ip[BCD]', 'Ip[PDC-ferm]']",517.1222545754355,"['Ip[milling]', 'Ip[DSA]', 'Ip[BCD]', 'Ip[PDC-ferm]']",,,,,,,,,,,,,,,,,,,,,,,,,,,,,,,,,,,,,,,,,,,,,,,,,,,,,,,,,,,,,,,,,,,,,,,,,,,,,,,,,,,,,,,,,,,,,,,,,,,,,,,,,,,
1650,426.18155135825845,"['Ip[milling]', 'Ip[DSA]', 'Ip[BCD]', 'Ip[PDC-ferm]']",562.8713090974339,"['Ip[milling]', 'Ip[DSA]', 'Ip[BCD]', 'Ip[PDC-ferm]']",546.2870720565078,"['Ip[milling]', 'Ip[DSA]', 'Ip[BCD]', 'Ip[PDC-ferm]']",,,,,,,,,,,,,,,,,,,,,,,,,,,,,,,,,,,,,,,,,,,,,,,,,,,,,,,,,,,,,,,,,,,,,,,,,,,,,,,,,,,,,,,,,,,,,,,,,,,,,,,,,,,
1700,449.7831916201161,"['Ip[milling]', 'Ip[DSA]', 'Ip[BCD]', 'Ip[PDC-ferm]']",592.0202005492575,"['Ip[milling]', 'Ip[DSA]', 'Ip[BCD]', 'Ip[PDC-ferm]']",575.7027261000705,"['Ip[milling]', 'Ip[DSA]', 'Ip[BCD]', 'Ip[PDC-ferm]']",,,,,,,,,,,,,,,,,,,,,,,,,,,,,,,,,,,,,,,,,,,,,,,,,,,,,,,,,,,,,,,,,,,,,,,,,,,,,,,,,,,,,,,,,,,,,,,,,,,,,,,,,,,
1750,473.5882489511898,"['Ip[milling]', 'Ip[DSA]', 'Ip[BCD]', 'Ip[PDC-ferm]']",621.3967994547822,"['Ip[milling]', 'Ip[DSA]', 'Ip[BCD]', 'Ip[PDC-ferm]']",605.3593866268707,"['Ip[milling]', 'Ip[DSA]', 'Ip[BCD]', 'Ip[PDC-ferm]']",,,,,,,,,,,,,,,,,,,,,,,,,,,,,,,,,,,,,,,,,,,,,,,,,,,,,,,,,,,,,,,,,,,,,,,,,,,,,,,,,,,,,,,,,,,,,,,,,,,,,,,,,,,
1800,497.58904431849345,"['Ip[milling]', 'Ip[DSA]', 'Ip[BCD]', 'Ip[PDC-ferm]']",650.9924604314162,"['Ip[milling]', 'Ip[DSA]', 'Ip[BCD]', 'Ip[PDC-ferm]']",635.2478791761606,"['Ip[milling]', 'Ip[DSA]', 'Ip[BCD]', 'Ip[PDC-ferm]']",,,,,,,,,,,,,,,,,,,,,,,,,,,,,,,,,,,,,,,,,,,,,,,,,,,,,,,,,,,,,,,,,,,,,,,,,,,,,,,,,,,,,,,,,,,,,,,,,,,,,,,,,,,
1850,521.7783944154043,"['Ip[milling]', 'Ip[DSA]', 'Ip[BCD]', 'Ip[PDC-ferm]']",680.7990979132688,"['Ip[milling]', 'Ip[DSA]', 'Ip[BCD]', 'Ip[PDC-ferm]']",665.3596241934533,"['Ip[milling]', 'Ip[DSA]', 'Ip[BCD]', 'Ip[PDC-ferm]']",,,,,,,,,,,,,,,,,,,,,,,,,,,,,,,,,,,,,,,,,,,,,,,,,,,,,,,,,,,,,,,,,,,,,,,,,,,,,,,,,,,,,,,,,,,,,,,,,,,,,,,,,,,
1900,546.1495671271401,"['Ip[milling]', 'Ip[DSA]', 'Ip[BCD]', 'Ip[PDC-ferm]']",710.8091357562757,"['Ip[milling]', 'Ip[DSA]', 'Ip[BCD]', 'Ip[PDC-ferm]']",695.68658342714,"['Ip[milling]', 'Ip[DSA]', 'Ip[BCD]', 'Ip[PDC-ferm]']",,,,,,,,,,,,,,,,,,,,,,,,,,,,,,,,,,,,,,,,,,,,,,,,,,,,,,,,,,,,,,,,,,,,,,,,,,,,,,,,,,,,,,,,,,,,,,,,,,,,,,,,,,,
1950,570.6962420626908,"['Ip[milling]', 'Ip[DSA]', 'Ip[BCD]', 'Ip[PDC-ferm]']",741.0154625852089,"['Ip[milling]', 'Ip[DSA]', 'Ip[BCD]', 'Ip[PDC-ferm]']",726.2212124366828,"['Ip[milling]', 'Ip[DSA]', 'Ip[BCD]', 'Ip[PDC-ferm]']",,,,,,,,,,,,,,,,,,,,,,,,,,,,,,,,,,,,,,,,,,,,,,,,,,,,,,,,,,,,,,,,,,,,,,,,,,,,,,,,,,,,,,,,,,,,,,,,,,,,,,,,,,,
2000,595.4124754618615,"['Ip[milling]', 'Ip[DSA]', 'Ip[BCD]', 'Ip[PDC-ferm]']",771.4113920980012,"['Ip[milling]', 'Ip[DSA]', 'Ip[BCD]', 'Ip[PDC-ferm]']",756.9564183770011,"['Ip[milling]', 'Ip[DSA]', 'Ip[BCD]', 'Ip[PDC-ferm]']",,,,,,,,,,,,,,,,,,,,,,,,,,,,,,,,,,,,,,,,,,,,,,,,,,,,,,,,,,,,,,,,,,,,,,,,,,,,,,,,,,,,,,,,,,,,,,,,,,,,,,,,,,,
2050,620.2926688953034,"['Ip[milling]', 'Ip[DSA]', 'Ip[BCD]', 'Ip[PDC-ferm]']",801.9906276671259,"['Ip[milling]', 'Ip[DSA]', 'Ip[BCD]', 'Ip[PDC-ferm]']",787.8855223557994,"['Ip[milling]', 'Ip[DSA]', 'Ip[BCD]', 'Ip[PDC-ferm]']",,,,,,,,,,,,,,,,,,,,,,,,,,,,,,,,,,,,,,,,,,,,,,,,,,,,,,,,,,,,,,,,,,,,,,,,,,,,,,,,,,,,,,,,,,,,,,,,,,,,,,,,,,,
2100,645.3315412651606,"['Ip[milling]', 'Ip[DSA]', 'Ip[BCD]', 'Ip[PDC-ferm]']",832.7472306794808,"['Ip[milling]', 'Ip[DSA]', 'Ip[BCD]', 'Ip[PDC-ferm]']",819.0022257691913,"['Ip[milling]', 'Ip[DSA]', 'Ip[BCD]', 'Ip[PDC-ferm]']",,,,,,,,,,,,,,,,,,,,,,,,,,,,,,,,,,,,,,,,,,,,,,,,,,,,,,,,,,,,,,,,,,,,,,,,,,,,,,,,,,,,,,,,,,,,,,,,,,,,,,,,,,,
2150,670.5241036880691,"['Ip[milling]', 'Ip[DSA]', 'Ip[BCD]', 'Ip[PDC-ferm]']",863.6755921405023,"['Ip[milling]', 'Ip[DSA]', 'Ip[BCD]', 'Ip[PDC-ferm]']",850.3005801106019,"['Ip[milling]', 'Ip[DSA]', 'Ip[BCD]', 'Ip[PDC-ferm]']",,,,,,,,,,,,,,,,,,,,,,,,,,,,,,,,,,,,,,,,,,,,,,,,,,,,,,,,,,,,,,,,,,,,,,,,,,,,,,,,,,,,,,,,,,,,,,,,,,,,,,,,,,,
2200,695.8656369037197,"['Ip[milling]', 'Ip[DSA]', 'Ip[BCD]', 'Ip[PDC-ferm]']",894.7704071379154,"['Ip[milling]', 'Ip[DSA]', 'Ip[BCD]', 'Ip[PDC-ferm]']",881.7749598222407,"['Ip[milling]', 'Ip[DSA]', 'Ip[BCD]', 'Ip[PDC-ferm]']",,,,,,,,,,,,,,,,,,,,,,,,,,,,,,,,,,,,,,,,,,,,,,,,,,,,,,,,,,,,,,,,,,,,,,,,,,,,,,,,,,,,,,,,,,,,,,,,,,,,,,,,,,,
2250,721.3516709034676,"['Ip[milling]', 'Ip[DSA]', 'Ip[BCD]', 'Ip[PDC-ferm]']",926.0266518188064,"['Ip[milling]', 'Ip[DSA]', 'Ip[BCD]', 'Ip[PDC-ferm]']",913.4200378204554,"['Ip[milling]', 'Ip[DSA]', 'Ip[BCD]', 'Ip[PDC-ferm]']",,,,,,,,,,,,,,,,,,,,,,,,,,,,,,,,,,,,,,,,,,,,,,,,,,,,,,,,,,,,,,,,,,,,,,,,,,,,,,,,,,,,,,,,,,,,,,,,,,,,,,,,,,,
2300,746.9779665163821,"['Ip[milling]', 'Ip[DSA]', 'Ip[BCD]', 'Ip[PDC-ferm]']",957.4395625823443,"['Ip[milling]', 'Ip[DSA]', 'Ip[BCD]', 'Ip[PDC-ferm]']",945.2307633780949,"['Ip[milling]', 'Ip[DSA]', 'Ip[BCD]', 'Ip[PDC-ferm]']",,,,,,,,,,,,,,,,,,,,,,,,,,,,,,,,,,,,,,,,,,,,,,,,,,,,,,,,,,,,,,,,,,,,,,,,,,,,,,,,,,,,,,,,,,,,,,,,,,,,,,,,,,,
2350,772.740498726224,"['Ip[milling]', 'Ip[DSA]', 'Ip[BCD]', 'Ip[PDC-ferm]']",989.0046172314469,"['Ip[milling]', 'Ip[DSA]', 'Ip[BCD]', 'Ip[PDC-ferm]']",977.2023420906653,"['Ip[milling]', 'Ip[DSA]', 'Ip[BCD]', 'Ip[PDC-ferm]']",,,,,,,,,,,,,,,,,,,,,,,,,,,,,,,,,,,,,,,,,,,,,,,,,,,,,,,,,,,,,,,,,,,,,,,,,,,,,,,,,,,,,,,,,,,,,,,,,,,,,,,,,,,
2400,798.6354415233069,"['Ip[milling]', 'Ip[DSA]', 'Ip[BCD]', 'Ip[PDC-ferm]']",1020.7175178612501,"['Ip[milling]', 'Ip[DSA]', 'Ip[BCD]', 'Ip[PDC-ferm]']",1009.3302176898334,"['Ip[milling]', 'Ip[DSA]', 'Ip[BCD]', 'Ip[PDC-ferm]']",,,,,,,,,,,,,,,,,,,,,,,,,,,,,,,,,,,,,,,,,,,,,,,,,,,,,,,,,,,,,,,,,,,,,,,,,,,,,,,,,,,,,,,,,,,,,,,,,,,,,,,,,,,
2450,824.6591541210227,"['Ip[milling]', 'Ip[DSA]', 'Ip[BCD]', 'Ip[PDC-ferm]']",1052.5741752915253,"['Ip[milling]', 'Ip[DSA]', 'Ip[BCD]', 'Ip[PDC-ferm]']",1041.610055499056,"['Ip[milling]', 'Ip[DSA]', 'Ip[BCD]', 'Ip[PDC-ferm]']",,,,,,,,,,,,,,,,,,,,,,,,,,,,,,,,,,,,,,,,,,,,,,,,,,,,,,,,,,,,,,,,,,,,,,,,,,,,,,,,,,,,,,,,,,,,,,,,,,,,,,,,,,,
2500,850.8081683887625,"['Ip[milling]', 'Ip[DSA]', 'Ip[BCD]', 'Ip[PDC-ferm]']",1084.570694875107,"['Ip[milling]', 'Ip[DSA]', 'Ip[BCD]', 'Ip[PDC-ferm]']",1074.0377273525753,"['Ip[milling]', 'Ip[DSA]', 'Ip[BCD]', 'Ip[PDC-ferm]']",,,,,,,,,,,,,,,,,,,,,,,,,,,,,,,,,,,,,,,,,,,,,,,,,,,,,,,,,,,,,,,,,,,,,,,,,,,,,,,,,,,,,,,,,,,,,,,,,,,,,,,,,,,
2550,877.0791773717285,"['Ip[milling]', 'Ip[DSA]', 'Ip[BCD]', 'Ip[PDC-ferm]']",1116.7033635356322,"['Ip[milling]', 'Ip[DSA]', 'Ip[BCD]', 'Ip[PDC-ferm]']",1106.6092978217334,"['Ip[milling]', 'Ip[DSA]', 'Ip[BCD]', 'Ip[PDC-ferm]']",,,,,,,,,,,,,,,,,,,,,,,,,,,,,,,,,,,,,,,,,,,,,,,,,,,,,,,,,,,,,,,,,,,,,,,,,,,,,,,,,,,,,,,,,,,,,,,,,,,,,,,,,,,
2600,903.4690247841843,"['Ip[milling]', 'Ip[DSA]', 'Ip[BCD]', 'Ip[PDC-ferm]']",1148.968637906115,"['Ip[milling]', 'Ip[DSA]', 'Ip[BCD]', 'Ip[PDC-ferm]']",1139.3210116118682,"['Ip[milling]', 'Ip[DSA]', 'Ip[BCD]', 'Ip[PDC-ferm]']",,,,,,,,,,,,,,,,,,,,,,,,,,,,,,,,,,,,,,,,,,,,,,,,,,,,,,,,,,,,,,,,,,,,,,,,,,,,,,,,,,,,,,,,,,,,,,,,,,,,,,,,,,,
2650,929.9746953764705,"['Ip[milling]', 'Ip[DSA]', 'Ip[BCD]', 'Ip[PDC-ferm]']",1181.3631334555273,"['Ip[milling]', 'Ip[DSA]', 'Ip[BCD]', 'Ip[PDC-ferm]']",1172.1692820097198,"['Ip[milling]', 'Ip[DSA]', 'Ip[BCD]', 'Ip[PDC-ferm]']",,,,,,,,,,,,,,,,,,,,,,,,,,,,,,,,,,,,,,,,,,,,,,,,,,,,,,,,,,,,,,,,,,,,,,,,,,,,,,,,,,,,,,,,,,,,,,,,,,,,,,,,,,,
2700,956.5933060880292,"['Ip[milling]', 'Ip[DSA]', 'Ip[BCD]', 'Ip[PDC-ferm]']",1213.883614503973,"['Ip[milling]', 'Ip[DSA]', 'Ip[BCD]', 'Ip[PDC-ferm]']",1205.1506802756746,"['Ip[milling]', 'Ip[DSA]', 'Ip[BCD]', 'Ip[PDC-ferm]']",,,,,,,,,,,,,,,,,,,,,,,,,,,,,,,,,,,,,,,,,,,,,,,,,,,,,,,,,,,,,,,,,,,,,,,,,,,,,,,,,,,,,,,,,,,,,,,,,,,,,,,,,,,
2750,983.3220979089265,"['Ip[milling]', 'Ip[DSA]', 'Ip[BCD]', 'Ip[PDC-ferm]']",1246.5269850387945,"['Ip[milling]', 'Ip[DSA]', 'Ip[BCD]', 'Ip[PDC-ferm]']",1238.261925887469,"['Ip[milling]', 'Ip[DSA]', 'Ip[BCD]', 'Ip[PDC-ferm]']",,,,,,,,,,,,,,,,,,,,,,,,,,,,,,,,,,,,,,,,,,,,,,,,,,,,,,,,,,,,,,,,,,,,,,,,,,,,,,,,,,,,,,,,,,,,,,,,,,,,,,,,,,,
2800,1010.1584283813124,"['Ip[milling]', 'Ip[DSA]', 'Ip[BCD]', 'Ip[PDC-ferm]']",1279.2902802539338,"['Ip[milling]', 'Ip[DSA]', 'Ip[BCD]', 'Ip[PDC-ferm]']",1271.4998775528206,"['Ip[milling]', 'Ip[DSA]', 'Ip[BCD]', 'Ip[PDC-ferm]']",,,,,,,,,,,,,,,,,,,,,,,,,,,,,,,,,,,,,,,,,,,,,,,,,,,,,,,,,,,,,,,,,,,,,,,,,,,,,,,,,,,,,,,,,,,,,,,,,,,,,,,,,,,
2850,1037.0997646799515,"['Ip[milling]', 'Ip[DSA]', 'Ip[BCD]', 'Ip[PDC-ferm]']",1312.170658743734,"['Ip[milling]', 'Ip[DSA]', 'Ip[BCD]', 'Ip[PDC-ferm]']",1304.8615249177246,"['Ip[milling]', 'Ip[DSA]', 'Ip[BCD]', 'Ip[PDC-ferm]']",,,,,,,,,,,,,,,,,,,,,,,,,,,,,,,,,,,,,,,,,,,,,,,,,,,,,,,,,,,,,,,,,,,,,,,,,,,,,,,,,,,,,,,,,,,,,,,,,,,,,,,,,,,
2900,1064.143677217752,"['Ip[milling]', 'Ip[DSA]', 'Ip[BCD]', 'Ip[PDC-ferm]']",1345.1653952899376,"['Ip[milling]', 'Ip[DSA]', 'Ip[BCD]', 'Ip[PDC-ferm]']",1338.343980905335,"['Ip[milling]', 'Ip[DSA]', 'Ip[BCD]', 'Ip[PDC-ferm]']",,,,,,,,,,,,,,,,,,,,,,,,,,,,,,,,,,,,,,,,,,,,,,,,,,,,,,,,,,,,,,,,,,,,,,,,,,,,,,,,,,,,,,,,,,,,,,,,,,,,,,,,,,,
2950,1091.2878337281004,"['Ip[milling]', 'Ip[DSA]', 'Ip[BCD]', 'Ip[PDC-ferm]']",1378.2718741874141,"['Ip[milling]', 'Ip[DSA]', 'Ip[BCD]', 'Ip[PDC-ferm]']",1371.944474627408,"['Ip[milling]', 'Ip[DSA]', 'Ip[BCD]', 'Ip[PDC-ferm]']",,,,,,,,,,,,,,,,,,,,,,,,,,,,,,,,,,,,,,,,,,,,,,,,,,,,,,,,,,,,,,,,,,,,,,,,,,,,,,,,,,,,,,,,,,,,,,,,,,,,,,,,,,,
3000,1118.5299937809527,"['Ip[milling]', 'Ip[DSA]', 'Ip[BCD]', 'Ip[PDC-ferm]']",1411.487583059866,"['Ip[milling]', 'Ip[DSA]', 'Ip[BCD]', 'Ip[PDC-ferm]']",1405.660344816594,"['Ip[milling]', 'Ip[DSA]', 'Ip[BCD]', 'Ip[PDC-ferm]']",,,,,,,,,,,,,,,,,,,,,,,,,,,,,,,,,,,,,,,,,,,,,,,,,,,,,,,,,,,,,,,,,,,,,,,,,,,,,,,,,,,,,,,,,,,,,,,,,,,,,,,,,,,
3050,1145.8680036942235,"['Ip[milling]', 'Ip[DSA]', 'Ip[BCD]', 'Ip[PDC-ferm]']",1444.8101071220565,"['Ip[milling]', 'Ip[DSA]', 'Ip[BCD]', 'Ip[PDC-ferm]']",1439.4890337331908,"['Ip[milling]', 'Ip[DSA]', 'Ip[BCD]', 'Ip[PDC-ferm]']",,,,,,,,,,,,,,,,,,,,,,,,,,,,,,,,,,,,,,,,,,,,,,,,,,,,,,,,,,,,,,,,,,,,,,,,,,,,,,,,,,,,,,,,,,,,,,,,,,,,,,,,,,,
3100,1173.2997918059343,"['Ip[milling]', 'Ip[DSA]', 'Ip[BCD]', 'Ip[PDC-ferm]']",1478.237123849453,"['Ip[milling]', 'Ip[DSA]', 'Ip[BCD]', 'Ip[PDC-ferm]']",1473.428081504971,"['Ip[milling]', 'Ip[DSA]', 'Ip[BCD]', 'Ip[PDC-ferm]']",,,,,,,,,,,,,,,,,,,,,,,,,,,,,,,,,,,,,,,,,,,,,,,,,,,,,,,,,,,,,,,,,,,,,,,,,,,,,,,,,,,,,,,,,,,,,,,,,,,,,,,,,,,
3150,1200.823364076156,"['Ip[milling]', 'Ip[DSA]', 'Ip[BCD]', 'Ip[PDC-ferm]']",1511.7663980203176,"['Ip[milling]', 'Ip[DSA]', 'Ip[BCD]', 'Ip[PDC-ferm]']",1507.4751208627222,"['Ip[milling]', 'Ip[DSA]', 'Ip[BCD]', 'Ip[PDC-ferm]']",,,,,,,,,,,,,,,,,,,,,,,,,,,,,,,,,,,,,,,,,,,,,,,,,,,,,,,,,,,,,,,,,,,,,,,,,,,,,,,,,,,,,,,,,,,,,,,,,,,,,,,,,,,
3200,1228.4367999908943,"['Ip[milling]', 'Ip[DSA]', 'Ip[BCD]', 'Ip[PDC-ferm]']",1545.3957770987101,"['Ip[milling]', 'Ip[DSA]', 'Ip[BCD]', 'Ip[PDC-ferm]']",1541.6278722380598,"['Ip[milling]', 'Ip[DSA]', 'Ip[BCD]', 'Ip[PDC-ferm]']",,,,,,,,,,,,,,,,,,,,,,,,,,,,,,,,,,,,,,,,,,,,,,,,,,,,,,,,,,,,,,,,,,,,,,,,,,,,,,,,,,,,,,,,,,,,,,,,,,,,,,,,,,,
3250,1256.1382487427454,"['Ip[milling]', 'Ip[DSA]', 'Ip[BCD]', 'Ip[PDC-ferm]']",1579.1231869299631,"['Ip[milling]', 'Ip[DSA]', 'Ip[BCD]', 'Ip[PDC-ferm]']",1575.8841391932976,"['Ip[milling]', 'Ip[DSA]', 'Ip[BCD]', 'Ip[PDC-ferm]']",,,,,,,,,,,,,,,,,,,,,,,,,,,,,,,,,,,,,,,,,,,,,,,,,,,,,,,,,,,,,,,,,,,,,,,,,,,,,,,,,,,,,,,,,,,,,,,,,,,,,,,,,,,
3300,1283.925925665685,"['Ip[milling]', 'Ip[DSA]', 'Ip[BCD]', 'Ip[PDC-ferm]']",1612.9466277230697,"['Ip[milling]', 'Ip[DSA]', 'Ip[BCD]', 'Ip[PDC-ferm]']",1610.2418041560907,"['Ip[milling]', 'Ip[DSA]', 'Ip[BCD]', 'Ip[PDC-ferm]']",,,,,,,,,,,,,,,,,,,,,,,,,,,,,,,,,,,,,,,,,,,,,,,,,,,,,,,,,,,,,,,,,,,,,,,,,,,,,,,,,,,,,,,,,,,,,,,,,,,,,,,,,,,
3350,1311.7981089035006,"['Ip[milling]', 'Ip[DSA]', 'Ip[BCD]', 'Ip[PDC-ferm]']",1646.8641702967313,"['Ip[milling]', 'Ip[DSA]', 'Ip[BCD]', 'Ip[PDC-ferm]']",1644.6988244343001,"['Ip[milling]', 'Ip[DSA]', 'Ip[BCD]', 'Ip[PDC-ferm]']",,,,,,,,,,,,,,,,,,,,,,,,,,,,,,,,,,,,,,,,,,,,,,,,,,,,,,,,,,,,,,,,,,,,,,,,,,,,,,,,,,,,,,,,,,,,,,,,,,,,,,,,,,,
3400,1339.7531362932539,"['Ip[milling]', 'Ip[DSA]', 'Ip[BCD]', 'Ip[PDC-ferm]']",1680.8739525681567,"['Ip[milling]', 'Ip[DSA]', 'Ip[BCD]', 'Ip[PDC-ferm]']",1679.2532284886497,"['Ip[milling]', 'Ip[DSA]', 'Ip[BCD]', 'Ip[PDC-ferm]']",,,,,,,,,,,,,,,,,,,,,,,,,,,,,,,,,,,,,,,,,,,,,,,,,,,,,,,,,,,,,,,,,,,,,,,,,,,,,,,,,,,,,,,,,,,,,,,,,,,,,,,,,,,
3450,1367.7894024469695,"['Ip[milling]', 'Ip[DSA]', 'Ip[BCD]', 'Ip[PDC-ferm]']",1714.9741762655294,"['Ip[milling]', 'Ip[DSA]', 'Ip[BCD]', 'Ip[PDC-ferm]']",1713.9031124430546,"['Ip[milling]', 'Ip[DSA]', 'Ip[BCD]', 'Ip[PDC-ferm]']",,,,,,,,,,,,,,,,,,,,,,,,,,,,,,,,,,,,,,,,,,,,,,,,,,,,,,,,,,,,,,,,,,,,,,,,,,,,,,,,,,,,,,,,,,,,,,,,,,,,,,,,,,,
3500,1395.9053560162513,"['Ip[milling]', 'Ip[DSA]', 'Ip[BCD]', 'Ip[PDC-ferm]']",1749.163103846852,"['Ip[milling]', 'Ip[DSA]', 'Ip[BCD]', 'Ip[PDC-ferm]']",1748.6466368141998,"['Ip[milling]', 'Ip[DSA]', 'Ip[BCD]', 'Ip[PDC-ferm]']",,,,,,,,,,,,,,,,,,,,,,,,,,,,,,,,,,,,,,,,,,,,,,,,,,,,,,,,,,,,,,,,,,,,,,,,,,,,,,,,,,,,,,,,,,,,,,,,,,,,,,,,,,,
3550,1424.0994971259036,"['Ip[milling]', 'Ip[DSA]', 'Ip[BCD]', 'Ip[PDC-ferm]']",1783.4390556095234,"['Ip[milling]', 'Ip[DSA]', 'Ip[BCD]', 'Ip[PDC-ferm]']",1783.4820234436497,"['Ip[milling]', 'Ip[DSA]', 'Ip[BCD]', 'Ip[PDC-ferm]']",,,,,,,,,,,,,,,,,,,,,,,,,,,,,,,,,,,,,,,,,,,,,,,,,,,,,,,,,,,,,,,,,,,,,,,,,,,,,,,,,,,,,,,,,,,,,,,,,,,,,,,,,,,
3600,1452.3703749638642,"['Ip[milling]', 'Ip[DSA]', 'Ip[BCD]', 'Ip[PDC-ferm]']",1817.8004069762237,"['Ip[milling]', 'Ip[DSA]', 'Ip[BCD]', 'Ip[PDC-ferm]']",1818.4075526172858,"['Ip[milling]', 'Ip[DSA]', 'Ip[BCD]', 'Ip[PDC-ferm]']",,,,,,,,,,,,,,,,,,,,,,,,,,,,,,,,,,,,,,,,,,,,,,,,,,,,,,,,,,,,,,,,,,,,,,,,,,,,,,,,,,,,,,,,,,,,,,,,,,,,,,,,,,,
3650,1480.716585515903,"['Ip[milling]', 'Ip[DSA]', 'Ip[BCD]', 'Ip[PDC-ferm]']",1852.2455859441184,"['Ip[milling]', 'Ip[DSA]', 'Ip[BCD]', 'Ip[PDC-ferm]']",1853.421560358212,"['Ip[milling]', 'Ip[DSA]', 'Ip[BCD]', 'Ip[PDC-ferm]']",,,,,,,,,,,,,,,,,,,,,,,,,,,,,,,,,,,,,,,,,,,,,,,,,,,,,,,,,,,,,,,,,,,,,,,,,,,,,,,,,,,,,,,,,,,,,,,,,,,,,,,,,,,
3700,1509.1367694345859,"['Ip[milling]', 'Ip[DSA]', 'Ip[BCD]', 'Ip[PDC-ferm]']",1886.773070685444,"['Ip[milling]', 'Ip[DSA]', 'Ip[BCD]', 'Ip[PDC-ferm]']",1888.522435880391,"['Ip[milling]', 'Ip[DSA]', 'Ip[BCD]', 'Ip[PDC-ferm]']",,,,,,,,,,,,,,,,,,,,,,,,,,,,,,,,,,,,,,,,,,,,,,,,,,,,,,,,,,,,,,,,,,,,,,,,,,,,,,,,,,,,,,,,,,,,,,,,,,,,,,,,,,,
3750,1537.6296100326945,"['Ip[milling]', 'Ip[DSA]', 'Ip[BCD]', 'Ip[PDC-ferm]']",1921.3813872885448,"['Ip[milling]', 'Ip[DSA]', 'Ip[BCD]', 'Ip[PDC-ferm]']",1923.7086191914977,"['Ip[milling]', 'Ip[DSA]', 'Ip[BCD]', 'Ip[PDC-ferm]']",,,,,,,,,,,,,,,,,,,,,,,,,,,,,,,,,,,,,,,,,,,,,,,,,,,,,,,,,,,,,,,,,,,,,,,,,,,,,,,,,,,,,,,,,,,,,,,,,,,,,,,,,,,
3800,1566.1938313924486,"['Ip[milling]', 'Ip[DSA]', 'Ip[BCD]', 'Ip[PDC-ferm]']",1956.0691076293947,"['Ip[milling]', 'Ip[DSA]', 'Ip[BCD]', 'Ip[PDC-ferm]']",1958.978598834318,"['Ip[milling]', 'Ip[DSA]', 'Ip[BCD]', 'Ip[PDC-ferm]']",,,,,,,,,,,,,,,,,,,,,,,,,,,,,,,,,,,,,,,,,,,,,,,,,,,,,,,,,,,,,,,,,,,,,,,,,,,,,,,,,,,,,,,,,,,,,,,,,,,,,,,,,,,
3850,1594.8281965822564,"['Ip[milling]', 'Ip[DSA]', 'Ip[BCD]', 'Ip[PDC-ferm]']",1990.8348473644483,"['Ip[milling]', 'Ip[DSA]', 'Ip[BCD]', 'Ip[PDC-ferm]']",1994.3309097569827,"['Ip[milling]', 'Ip[DSA]', 'Ip[BCD]', 'Ip[PDC-ferm]']",,,,,,,,,,,,,,,,,,,,,,,,,,,,,,,,,,,,,,,,,,,,,,,,,,,,,,,,,,,,,,,,,,,,,,,,,,,,,,,,,,,,,,,,,,,,,,,,,,,,,,,,,,,
3900,1623.5315059736695,"['Ip[milling]', 'Ip[DSA]', 'Ip[BCD]', 'Ip[PDC-ferm]']",2025.6772640363965,"['Ip[milling]', 'Ip[DSA]', 'Ip[BCD]', 'Ip[PDC-ferm]']",2029.7641313031363,"['Ip[milling]', 'Ip[DSA]', 'Ip[BCD]', 'Ip[PDC-ferm]']",,,,,,,,,,,,,,,,,,,,,,,,,,,,,,,,,,,,,,,,,,,,,,,,,,,,,,,,,,,,,,,,,,,,,,,,,,,,,,,,,,,,,,,,,,,,,,,,,,,,,,,,,,,
3950,1652.3025956516321,"['Ip[milling]', 'Ip[DSA]', 'Ip[BCD]', 'Ip[PDC-ferm]']",2060.5950552851637,"['Ip[milling]', 'Ip[DSA]', 'Ip[BCD]', 'Ip[PDC-ferm]']",2065.2768853137936,"['Ip[milling]', 'Ip[DSA]', 'Ip[BCD]', 'Ip[PDC-ferm]']",,,,,,,,,,,,,,,,,,,,,,,,,,,,,,,,,,,,,,,,,,,,,,,,,,,,,,,,,,,,,,,,,,,,,,,,,,,,,,,,,,,,,,,,,,,,,,,,,,,,,,,,,,,
4000,1681.1403359117742,"['Ip[milling]', 'Ip[DSA]', 'Ip[BCD]', 'Ip[PDC-ferm]']",2095.586957156958,"['Ip[milling]', 'Ip[DSA]', 'Ip[BCD]', 'Ip[PDC-ferm]']",2100.867834333374,"['Ip[milling]', 'Ip[DSA]', 'Ip[BCD]', 'Ip[PDC-ferm]']",,,,,,,,,,,,,,,,,,,,,,,,,,,,,,,,,,,,,,,,,,,,,,,,,,,,,,,,,,,,,,,,,,,,,,,,,,,,,,,,,,,,,,,,,,,,,,,,,,,,,,,,,,,
